{"cameraMode":{"drawMode":0,"name":"Shaded","section":"Shading Mode"},"sceneLighting":true,"audioPlay":false,"sceneViewState":{"m_AlwaysRefresh":false,"showFog":true,"showSkybox":true,"showFlares":true,"showImageEffects":true,"showParticleSystems":true,"showVisualEffectGraphs":true,"m_FxEnabled":true},"in2DMode":false,"pivot":{"x":10.07944393157959,"y":-2.249034881591797,"z":49.809181213378909},"rotation":{"x":-0.040790583938360217,"y":-0.018885845318436624,"z":0.0007849014364182949,"w":-0.9990184307098389},"size":37.61471939086914,"orthographic":false}